feature_name,importance
Square,0.3780945082927557
Social_2,0.19272735263971819
Social_1,0.14955720855854637
Rooms,0.09258683381187155
Shops_1,0.05063179963166747
Helthcare_2,0.03816777975939984
HouseFloor,0.03744086164568614
LifeSquare,0.035881121567896086
Floor,0.011910577187070158
KitchenSquare,0.009979720516123567
BathroomSquare,0.0030222363892647226
